Metric,Value
Precision,0.8801262472966999
Recall,0.9288215280495302
F1,0.9038184706400988
mAP@0.5,0.9448100056456875
mAP@0.5:0.95,0.7355758095976648
